from,to,relationship,rank,label
Neuer,PROProfil,1,11,PROProfil
Neuer,FCB,2,11,FCB
Ulreich,BMS,1,11,BMS
Ulreich,FCB,2,11,FCB
Fruechtl,Talcon,1,11,Talcon
Fruechtl,FCB,2,11,FCB
Hoffmann,ROOF,1,11,ROOF
Hoffmann,FCB,2,11,FCB
Hernandez,Quilon,1,11,Quilon
Hernandez,FCB,2,11,FCB
Upamecano,Sports360,1,11,Sports360
Upamecano,FCB,2,11,FCB
Suele,Sports360,1,11,Sports360
Suele,FCB,2,11,FCB
Nianzou,VV,1,11,VV
Nianzou,FCB,2,11,FCB
RichardsC,none,1,11,none
RichardsC,FCB,2,11,FCB
Lawrence,TuB,1,11,TuB
Lawrence,FCB,2,11,FCB
Feldhahn,none,1,11,none
Feldhahn,FCB,2,11,FCB
Davies,ATG,1,11,ATG
Davies,FCB,2,11,FCB
RichardsO,ICMStellar,1,11,ICMStellar
RichardsO,FCB,2,11,FCB
Pavard,Carmenta,1,11,Carmenta
Pavard,FCB,2,11,FCB
Stanisic,BALLWERK,1,11,BALLWERK
Stanisic,FCB,2,11,FCB
Sarr,Wasserman,1,11,Wasserman
Sarr,FCB,2,11,FCB
Kimmich,none,1,11,none
Kimmich,FCB,2,11,FCB
Roca,Promoesport,1,11,Promoesport
Roca,FCB,2,11,FCB
Booth,LS,1,11,LS
Booth,FCB,2,11,FCB
Goretzka,Neubauer13,1,11,Neubauer13
Goretzka,FCB,2,11,FCB
Sabitzer,ROGON,1,11,ROGON
Sabitzer,FCB,2,11,FCB
Tolisso,CastagninoSAS,1,11,CastagninoSAS
Tolisso,FCB,2,11,FCB
Cuisance,YAATS,1,11,YAATS
Cuisance,FCB,2,11,FCB
Kern,Haspel,1,11,Haspel
Kern,FCB,2,11,FCB
Musiala,11WINS,1,11,11WINS
Musiala,FCB,2,11,FCB
Wanner,none,1,11,none
Wanner,FCB,2,11,FCB
TillmanM,ROOF,1,11,ROOF
TillmanM,FCB,2,11,FCB
Sane,LIAN,1,11,LIAN
Sane,FCB,2,11,FCB
Motika,LIAN,1,11,LIAN
Motika,FCB,2,11,FCB
Ibrahimovic,none,1,11,none
Ibrahimovic,FCB,2,11,FCB
Gnabry,ROOF,1,11,ROOF
Gnabry,FCB,2,11,FCB
Coman,none,1,11,none
Coman,FCB,2,11,FCB
MuellerT,Koegl,1,11,Koegl
MuellerT,FCB,2,11,FCB
Vidovic,Rummenigge,1,11,Rummenigge
Vidovic,FCB,2,11,FCB
Lewandowski,Zahavi,1,11,Zahavi
Lewandowski,FCB,2,11,FCB
Choupo-Moting,ROGON,1,11,ROGON
Choupo-Moting,FCB,2,11,FCB
Copado,LIAN,1,11,LIAN
Copado,FCB,2,11,FCB
Kobel,SBE,1,12,SBE
Kobel,BVB,2,12,BVB
Unbehaun,SWSports,1,12,SWSports
Unbehaun,BVB,2,12,BVB
Buerki,IFM,1,12,IFM
Buerki,BVB,2,12,BVB
Hitz,ROOF,1,12,ROOF
Hitz,BVB,2,12,BVB
Drljaca,SD,1,12,SD
Drljaca,BVB,2,12,BVB
Ostrzinski,KuR,1,12,KuR
Ostrzinski,BVB,2,12,BVB
Akanji,IFM,1,12,IFM
Akanji,BVB,2,12,BVB
Zagadou,none,1,12,none
Zagadou,BVB,2,12,BVB
Hummels,HMH,1,12,HMH
Hummels,BVB,2,12,BVB
Pongracic,Match2gether,1,12,Match2gether
Pongracic,BVB,2,12,BVB
CoulibalyS,Unique,1,12,Unique
CoulibalyS,BVB,2,12,BVB
Maloney,AKA,1,12,AKA
Maloney,BVB,2,12,BVB
Papadopoulos,ICMStellar,1,12,ICMStellar
Papadopoulos,BVB,2,12,BVB
Guerreiro,Wasserman,1,12,Wasserman
Guerreiro,BVB,2,12,BVB
SchulzN,ROGON,1,12,ROGON
SchulzN,BVB,2,12,BVB
Rothe,none,1,12,none
Rothe,BVB,2,12,BVB
Schmelzer,none,1,12,none
Schmelzer,BVB,2,12,BVB
Meunier,none,1,12,none
Meunier,BVB,2,12,BVB
Morey,none,1,12,none
Morey,BVB,2,12,BVB
Passlack,Teamgeist,1,12,Teamgeist
Passlack,BVB,2,12,BVB
Semic,ICMStellar,1,12,ICMStellar
Semic,BVB,2,12,BVB
Can,ISM,1,12,ISM
Can,BVB,2,12,BVB
Delaney,PIS,1,12,PIS
Delaney,BVB,2,12,BVB
Witsel,Nomi,1,12,Nomi
Witsel,BVB,2,12,BVB
Kamara,none,1,12,none
Kamara,BVB,2,12,BVB
Bellingham,none,1,12,none
Bellingham,BVB,2,12,BVB
Dahoud,Lorimanagement,1,12,Lorimanagement
Dahoud,BVB,2,12,BVB
Pasalic,Unique,1,12,Unique
Pasalic,BVB,2,12,BVB
Reyna,Wasserman,1,12,Wasserman
Reyna,BVB,2,12,BVB
Brandt,none,1,12,none
Brandt,BVB,2,12,BVB
Reus,Hebel,1,12,Hebel
Reus,BVB,2,12,BVB
Reinier,Bertolucci,1,12,Bertolucci
Reinier,BVB,2,12,BVB
Pherai,Pimenta,1,12,Pimenta
Pherai,BVB,2,12,BVB
Guerpuez,Sports360,1,12,Sports360
Guerpuez,BVB,2,12,BVB
Hazard,none,1,12,none
Hazard,BVB,2,12,BVB
Knauff,HSP,1,12,HSP
Knauff,BVB,2,12,BVB
WolfM,ROGON,1,12,ROGON
WolfM,BVB,2,12,BVB
Bynoe-Gittens,Elite,1,12,Elite
Bynoe-Gittens,BVB,2,12,BVB
Haaland,Pimenta,1,12,Pimenta
Haaland,BVB,2,12,BVB
Malen,Pimenta,1,12,Pimenta
Malen,BVB,2,12,BVB
Moukoko,none,1,12,none
Moukoko,BVB,2,12,BVB
Tigges,NOACK,1,12,NOACK
Tigges,BVB,2,12,BVB
Nijnmah,Tenet,1,12,Tenet
Nijnmah,BVB,2,12,BVB
Hradecky,none,1,13,none
Hradecky,LEV,2,13,LEV
Lunev,none,1,13,none
Lunev,LEV,2,13,LEV
Grill,Soccertalk,1,13,Soccertalk
Grill,LEV,2,13,LEV
Lomb,Hebel,1,13,Hebel
Lomb,LEV,2,13,LEV
Neutgens,Epic,1,13,Epic
Neutgens,LEV,2,13,LEV
Tapsoba,D20,1,13,D20
Tapsoba,LEV,2,13,LEV
Tah,HuGu,1,13,HuGu
Tah,LEV,2,13,LEV
Kossounou,GSM,1,13,GSM
Kossounou,LEV,2,13,LEV
Hincapie,Division,1,13,Division
Hincapie,LEV,2,13,LEV
Retsos,LIAN,1,13,LIAN
Retsos,LEV,2,13,LEV
Fofana,Soccer,1,13,Soccer
Fofana,LEV,2,13,LEV
Bakker,Pimenta,1,13,Pimenta
Bakker,LEV,2,13,LEV
Wendell,none,1,13,none
Wendell,LEV,2,13,LEV
Sinkgraven,SV,1,13,SV
Sinkgraven,LEV,2,13,LEV
Frimpong,Prolific,1,13,Prolific
Frimpong,LEV,2,13,LEV
Fosu-Mensah,CAA,1,13,CAA
Fosu-Mensah,LEV,2,13,LEV
Weiser,ROOF,1,13,ROOF
Weiser,LEV,2,13,LEV
Baumgartlinger,PROProfil,1,13,PROProfil
Baumgartlinger,LEV,2,13,LEV
Demirbay,EMG,1,13,EMG
Demirbay,LEV,2,13,LEV
Palacios,Eleven,1,13,Eleven
Palacios,LEV,2,13,LEV
Andrich,Teamplayer,1,13,Teamplayer
Andrich,LEV,2,13,LEV
Amiri,Sports360,1,13,Sports360
Amiri,LEV,2,13,LEV
Aranguiz,Felicevich,1,13,Felicevich
Aranguiz,LEV,2,13,LEV
Sertdemir,none,1,13,none
Sertdemir,LEV,2,13,LEV
Wirtz,none,1,13,none
Wirtz,LEV,2,13,LEV
Diaby,AIS,1,13,AIS
Diaby,LEV,2,13,LEV
Paulinho,Leite,1,13,Leite
Paulinho,LEV,2,13,LEV
Adli,CSA,1,13,CSA
Adli,LEV,2,13,LEV
Bellarabi,KL,1,13,KL
Bellarabi,LEV,2,13,LEV
Schick,IntSM,1,13,IntSM
Schick,LEV,2,13,LEV
Azmoun,Epic,1,13,Epic
Azmoun,LEV,2,13,LEV
Alario,Extra,1,13,Extra
Alario,LEV,2,13,LEV
Pohjanpalo,Hebel,1,13,Hebel
Pohjanpalo,LEV,2,13,LEV
Gedikli,NG360,1,13,NG360
Gedikli,LEV,2,13,LEV
Bravo,none,1,13,none
Bravo,LEV,2,13,LEV
Gulacsi,HCM,1,14,HCM
Gulacsi,RBL,2,14,RBL
Martinez,INVSPORT,1,14,INVSPORT
Martinez,RBL,2,14,RBL
Tschauner,none,1,14,none
Tschauner,RBL,2,14,RBL
Eutinger,MunichF,1,14,MunichF
Eutinger,RBL,2,14,RBL
Gvardiol,Sisic,1,14,Sisic
Gvardiol,RBL,2,14,RBL
Simakan,BSGroup,1,14,BSGroup
Simakan,RBL,2,14,RBL
Klostermann,EMG,1,14,EMG
Klostermann,RBL,2,14,RBL
Orban,ROGON,1,14,ROGON
Orban,RBL,2,14,RBL
Lelle,PESM,1,14,PESM
Lelle,RBL,2,14,RBL
Angelino,VIDA,1,14,VIDA
Angelino,RBL,2,14,RBL
Halstenberg,TrueSports,1,14,TrueSports
Halstenberg,RBL,2,14,RBL
Mukiele,SC,1,14,SC
Mukiele,RBL,2,14,RBL
Henrichs,CN,1,14,CN
Henrichs,RBL,2,14,RBL
Bonnah,Skylar,1,14,Skylar
Bonnah,RBL,2,14,RBL
AdamsT,YMU,1,14,YMU
AdamsT,RBL,2,14,RBL
Laimer,ROOF,1,14,ROOF
Laimer,RBL,2,14,RBL
Haidara,Unique,1,14,Unique
Haidara,RBL,2,14,RBL
Moriba,ROGON,1,14,ROGON
Moriba,RBL,2,14,RBL
Kampl,MR,1,14,MR
Kampl,RBL,2,14,RBL
Raebiger,none,1,14,none
Raebiger,RBL,2,14,RBL
Klefisch,Sports360,1,14,Sports360
Klefisch,RBL,2,14,RBL
Olmo,Niagara,1,14,Niagara
Olmo,RBL,2,14,RBL
Wosz,EMG,1,14,EMG
Wosz,RBL,2,14,RBL
Szoboszlai,EM,1,14,EM
Szoboszlai,RBL,2,14,RBL
Forsberg,HCM,1,14,HCM
Forsberg,RBL,2,14,RBL
Ibrahimi,SBS,1,14,SBS
Ibrahimi,RBL,2,14,RBL
Novoa,ROOF,1,14,ROOF
Novoa,RBL,2,14,RBL
Hartmann,ICMStellar,1,14,ICMStellar
Hartmann,RBL,2,14,RBL
Nkunku,Zahavi,1,14,Zahavi
Nkunku,RBL,2,14,RBL
Silva,Gestifute,1,14,Gestifute
Silva,RBL,2,14,RBL
Hwang,none,1,14,none
Hwang,RBL,2,14,RBL
Poulsen,PEP,1,14,PEP
Poulsen,RBL,2,14,RBL
Brobbey,Pimenta,1,14,Pimenta
Brobbey,RBL,2,14,RBL
Roennow,Boutique,1,15,Boutique
Roennow,FCU,2,15,FCU
Luthe,act,1,15,act
Luthe,FCU,2,15,FCU
Busk,none,1,15,none
Busk,FCU,2,15,FCU
Petzsch,Hebel,1,15,Hebel
Petzsch,FCU,2,15,FCU
Stein,INTEAM,1,15,INTEAM
Stein,FCU,2,15,FCU
Jaeckel,Herzog,1,15,Herzog
Jaeckel,FCU,2,15,FCU
Baumgartl,CN,1,15,CN
Baumgartl,FCU,2,15,FCU
Knoche,Sports360,1,15,Sports360
Knoche,FCU,2,15,FCU
Heintz,Sports360,1,15,Sports360
Heintz,FCU,2,15,FCU
van Drongelen,SEG,1,15,SEG
van Drongelen,FCU,2,15,FCU
Bruns,B360,1,15,B360
Bruns,FCU,2,15,FCU
Puchacz,Fabryka,1,15,Fabryka
Puchacz,FCU,2,15,FCU
Giesselmann,SMG,1,15,SMG
Giesselmann,FCU,2,15,FCU
Oczipka,Sports360,1,15,Sports360
Oczipka,FCU,2,15,FCU
Ryerson,none,1,15,none
Ryerson,FCU,2,15,FCU
Trimmel,ROOF,1,15,ROOF
Trimmel,FCU,2,15,FCU
Dehl,SEG,1,15,SEG
Dehl,FCU,2,15,FCU
Khedira,NGM,1,15,NGM
Khedira,FCU,2,15,FCU
Proemel,Unique,1,15,Unique
Proemel,FCU,2,15,FCU
SchaeferA,none,1,15,none
SchaeferA,FCU,2,15,FCU
Oeztunali,ICMStellar,1,15,ICMStellar
Oeztunali,FCU,2,15,FCU
Moehwald,Herzog,1,15,Herzog
Moehwald,FCU,2,15,FCU
SchneiderF,B360,1,15,B360
SchneiderF,FCU,2,15,FCU
Somnitz,B360,1,15,B360
Somnitz,FCU,2,15,FCU
Wszolek,KFM,1,15,KFM
Wszolek,FCU,2,15,FCU
Haraguchi,PROProfil,1,15,PROProfil
Haraguchi,FCU,2,15,FCU
EndoK,UDN,1,15,UDN
EndoK,FCU,2,15,FCU
Becker,eXcellence,1,15,eXcellence
Becker,FCU,2,15,FCU
Awoniyi,ROOF,1,15,ROOF
Awoniyi,FCU,2,15,FCU
Voglsammer,Breeze,1,15,Breeze
Voglsammer,FCU,2,15,FCU
MichelS,Herzog,1,15,Herzog
MichelS,FCU,2,15,FCU
Teuchert,ROOF,1,15,ROOF
Teuchert,FCU,2,15,FCU
Behrens,BOKS,1,15,BOKS
Behrens,FCU,2,15,FCU
Ujah,ROOF,1,15,ROOF
Ujah,FCU,2,15,FCU
Abdullahi,Atta,1,15,Atta
Abdullahi,FCU,2,15,FCU
Flekken,SEG,1,16,SEG
Flekken,SCF,2,16,SCF
Atubolu,none,1,16,none
Atubolu,SCF,2,16,SCF
Uphoff,Herzog,1,16,Herzog
Uphoff,SCF,2,16,SCF
SchlotterbeckN,SchneiderR,1,16,SchneiderR
SchlotterbeckN,SCF,2,16,SCF
Lienhart,YOUFIRST,1,16,YOUFIRST
Lienhart,SCF,2,16,SCF
SchlotterbeckK,SchneiderR,1,16,SchneiderR
SchlotterbeckK,SCF,2,16,SCF
Gulde,none,1,16,none
Gulde,SCF,2,16,SCF
Sildillia,ROGON,1,16,ROGON
Sildillia,SCF,2,16,SCF
SchmidtK,ROGON,1,16,ROGON
SchmidtK,SCF,2,16,SCF
Guenter,Unique,1,16,Unique
Guenter,SCF,2,16,SCF
Ezekwem,CN,1,16,CN
Ezekwem,SCF,2,16,SCF
Siquet,Cherry,1,16,Cherry
Siquet,SCF,2,16,SCF
Kuebler,ROOF,1,16,ROOF
Kuebler,SCF,2,16,SCF
Schmid,Unique,1,16,Unique
Schmid,SCF,2,16,SCF
Keitel,Unique,1,16,Unique
Keitel,SCF,2,16,SCF
Hoefler,Unique,1,16,Unique
Hoefler,SCF,2,16,SCF
Engelhardt,CALCYO,1,16,CALCYO
Engelhardt,SCF,2,16,SCF
Santamaria,Profile,1,16,Profile
Santamaria,SCF,2,16,SCF
Eggestein,ROOF,1,16,ROOF
Eggestein,SCF,2,16,SCF
Haberer,Unique,1,16,Unique
Haberer,SCF,2,16,SCF
Wagner,VIDA,1,16,VIDA
Wagner,SCF,2,16,SCF
Grifo,ROOF,1,16,ROOF
Grifo,SCF,2,16,SCF
Weisshaupt,Unique,1,16,Unique
Weisshaupt,SCF,2,16,SCF
Sallai,ROGON,1,16,ROGON
Sallai,SCF,2,16,SCF
Schade,Euro,1,16,Euro
Schade,SCF,2,16,SCF
Jeong,Apertura,1,16,Apertura
Jeong,SCF,2,16,SCF
Hoeler,Unique,1,16,Unique
Hoeler,SCF,2,16,SCF
Demirovic,PROProfil,1,16,PROProfil
Demirovic,SCF,2,16,SCF
Petersen,none,1,16,none
Petersen,SCF,2,16,SCF
Vermeij,Doorn,1,16,Doorn
Vermeij,SCF,2,16,SCF
Burkart,Promoesport,1,16,Promoesport
Burkart,SCF,2,16,SCF
Schwaebe,CN,1,17,CN
Schwaebe,FCK,2,17,FCK
HornT,Sports360,1,17,Sports360
HornT,FCK,2,17,FCK
Urbig,ROOF,1,17,ROOF
Urbig,FCK,2,17,FCK
Koebbing,Haspel,1,17,Haspel
Koebbing,FCK,2,17,FCK
Huebers,TB,1,17,TB
Huebers,FCK,2,17,FCK
Kilian,LK,1,17,LK
Kilian,FCK,2,17,FCK
Mere,Gelu,1,17,Gelu
Mere,FCK,2,17,FCK
Chabot,PROProfil,1,17,PROProfil
Chabot,FCK,2,17,FCK
Arrey-Mbi,KuR,1,17,KuR
Arrey-Mbi,FCK,2,17,FCK
Czichos,ROOF,1,17,ROOF
Czichos,FCK,2,17,FCK
Hector,act,1,17,act
Hector,FCK,2,17,FCK
HornJ,none,1,17,none
HornJ,FCK,2,17,FCK
Katterbach,ROGON,1,17,ROGON
Katterbach,FCK,2,17,FCK
Schmitz,Koegl,1,17,Koegl
Schmitz,FCK,2,17,FCK
Ehizibue,none,1,17,none
Ehizibue,FCK,2,17,FCK
Skhiri,LIAN,1,17,LIAN
Skhiri,FCK,2,17,FCK
Ljubicic,HAGMAYR,1,17,HAGMAYR
Ljubicic,FCK,2,17,FCK
Oezcan,Hebel,1,17,Hebel
Oezcan,FCK,2,17,FCK
Hauptmann,T21,1,17,T21
Hauptmann,FCK,2,17,FCK
Olesen,PESM,1,17,PESM
Olesen,FCK,2,17,FCK
Duda,ICMStellar,1,17,ICMStellar
Duda,FCK,2,17,FCK
Schaub,YOUFIRST,1,17,YOUFIRST
Schaub,FCK,2,17,FCK
Ostrak,BMGS,1,17,BMGS
Ostrak,FCK,2,17,FCK
Kainz,YOUFIRST,1,17,YOUFIRST
Kainz,FCK,2,17,FCK
Obuz,Hebel,1,17,Hebel
Obuz,FCK,2,17,FCK
Thielmann,none,1,17,none
Thielmann,FCK,2,17,FCK
Schindler,11WINS,1,17,11WINS
Schindler,FCK,2,17,FCK
Uth,Sports360,1,17,Sports360
Uth,FCK,2,17,FCK
Modeste,Wasserman,1,17,Wasserman
Modeste,FCK,2,17,FCK
Andersson,PIS,1,17,PIS
Andersson,FCK,2,17,FCK
Lemperle,ROGON,1,17,ROGON
Lemperle,FCK,2,17,FCK
Zentner,WUK,1,18,WUK
Zentner,FSV,2,18,FSV
Dahmen,CN,1,18,CN
Dahmen,FSV,2,18,FSV
Rieß,ROOF,1,18,ROOF
Rieß,FSV,2,18,FSV
Niakhate,ICMStellar,1,18,ICMStellar
Niakhate,FSV,2,18,FSV
St Juste,none,1,18,none
St Juste,FSV,2,18,FSV
Bell,Haspel,1,18,Haspel
Bell,FSV,2,18,FSV
HackA,PROProfil,1,18,PROProfil
HackA,FSV,2,18,FSV
Nemeth,YOUFIRST,1,18,YOUFIRST
Nemeth,FSV,2,18,FSV
Martin,BYANDFOR,1,18,BYANDFOR
Martin,FSV,2,18,FSV
Lucoqui,FSB,1,18,FSB
Lucoqui,FSV,2,18,FSV
Widmer,CAA,1,18,CAA
Widmer,FSV,2,18,FSV
Brosinski,Hebel,1,18,Hebel
Brosinski,FSV,2,18,FSV
Stach,ROOF,1,18,ROOF
Stach,FSV,2,18,FSV
Tauer,PROProfil,1,18,PROProfil
Tauer,FSV,2,18,FSV
Fuerstner,Talcon,1,18,Talcon
Fuerstner,FSV,2,18,FSV
Barreiro,PROProfil,1,18,PROProfil
Barreiro,FSV,2,18,FSV
Kohr,Sports360,1,18,Sports360
Kohr,FSV,2,18,FSV
Fernandes,IFM,1,18,IFM
Fernandes,FSV,2,18,FSV
Papela,PROProfil,1,18,PROProfil
Papela,FSV,2,18,FSV
Shabani,ASBW,1,18,ASBW
Shabani,FSV,2,18,FSV
Rupil,Unique,1,18,Unique
Rupil,FSV,2,18,FSV
Boetius,ICMStellar,1,18,ICMStellar
Boetius,FSV,2,18,FSV
LeeJ,Unique,1,18,Unique
LeeJ,FSV,2,18,FSV
Stoeger,Wasserman,1,18,Wasserman
Stoeger,FSV,2,18,FSV
Burgzorg,PURE,1,18,PURE
Burgzorg,FSV,2,18,FSV
Bobzien,ASBW,1,18,ASBW
Bobzien,FSV,2,18,FSV
Nebel,PROProfil,1,18,PROProfil
Nebel,FSV,2,18,FSV
Mizuta,DR RMB Sports,1,18,DR RMB Sports
Mizuta,FSV,2,18,FSV
Burkhardt,PROProfil,1,18,PROProfil
Burkhardt,FSV,2,18,FSV
Onisiwo,ROOF,1,18,ROOF
Onisiwo,FSV,2,18,FSV
Ingvartsen,PIS,1,18,PIS
Ingvartsen,FSV,2,18,FSV
Szalai,Fischer,1,18,Fischer
Szalai,FSV,2,18,FSV
Roesch,PF,1,18,PF
Roesch,FSV,2,18,FSV
Baumann,CN,1,19,CN
Baumann,TSG,2,19,TSG
Pentke,Bigpoint,1,19,Bigpoint
Pentke,TSG,2,19,TSG
PhilippL,none,1,19,none
PhilippL,TSG,2,19,TSG
Noll,VIDA,1,19,VIDA
Noll,TSG,2,19,TSG
Posch,ICMStellar,1,19,ICMStellar
Posch,TSG,2,19,TSG
Akpoguma,Unique,1,19,Unique
Akpoguma,TSG,2,19,TSG
Vogt,ROOF,1,19,ROOF
Vogt,TSG,2,19,TSG
Che,ICMStellar,1,19,ICMStellar
Che,TSG,2,19,TSG
Bicakcic,SBS,1,19,SBS
Bicakcic,TSG,2,19,TSG
Nordtveit,SPS,1,19,SPS
Nordtveit,TSG,2,19,TSG
AdamsK,SISCM,1,19,SISCM
AdamsK,TSG,2,19,TSG
Huebner,Soccertalk,1,19,Soccertalk
Huebner,TSG,2,19,TSG
Haider,none,1,19,none
Haider,TSG,2,19,TSG
Koenig,none,1,19,none
Koenig,TSG,2,19,TSG
Raum,ROOF,1,19,ROOF
Raum,TSG,2,19,TSG
John,SBS,1,19,SBS
John,TSG,2,19,TSG
Kaderabek,none,1,19,none
Kaderabek,TSG,2,19,TSG
Grillitsch,YOUFIRST,1,19,YOUFIRST
Grillitsch,TSG,2,19,TSG
Stiller,YOUM,1,19,YOUM
Stiller,TSG,2,19,TSG
Rudy,none,1,19,none
Rudy,TSG,2,19,TSG
Bogarde,Wasserman,1,19,Wasserman
Bogarde,TSG,2,19,TSG
Rueth,SchneiderR,1,19,SchneiderR
Rueth,TSG,2,19,TSG
Samassekou,ROOF,1,19,ROOF
Samassekou,TSG,2,19,TSG
Geiger,WINStar,1,19,WINStar
Geiger,TSG,2,19,TSG
Tohumcu,ROGON,1,19,ROGON
Tohumcu,TSG,2,19,TSG
Baumgartner,YOUFIRST,1,19,YOUFIRST
Baumgartner,TSG,2,19,TSG
Gacinovic,SoccerM,1,19,SoccerM
Gacinovic,TSG,2,19,TSG
Bischof,none,1,19,none
Bischof,TSG,2,19,TSG
Bruun Larsen,Boutique,1,19,Boutique
Bruun Larsen,TSG,2,19,TSG
Conte,ROGON,1,19,ROGON
Conte,TSG,2,19,TSG
Skov,Boutique,1,19,Boutique
Skov,TSG,2,19,TSG
Bebou,Wasserman,1,19,Wasserman
Bebou,TSG,2,19,TSG
Rutter,ROGON,1,19,ROGON
Rutter,TSG,2,19,TSG
Kramaric,none,1,19,none
Kramaric,TSG,2,19,TSG
Dabbur,SoccerM,1,19,SoccerM
Dabbur,TSG,2,19,TSG
Adamyan,Herzog,1,19,Herzog
Adamyan,TSG,2,19,TSG
Beier,Euro,1,19,Euro
Beier,TSG,2,19,TSG
Asllani,ROGON,1,19,ROGON
Asllani,TSG,2,19,TSG
Proschwitz,ROOF,1,19,ROOF
Proschwitz,TSG,2,19,TSG
Sommer,none,1,20,none
Sommer,BMG,2,20,BMG
Sippel,MichaelB,1,20,MichaelB
Sippel,BMG,2,20,BMG
Olschokowsky,B360,1,20,B360
Olschokowsky,BMG,2,20,BMG
Kersken,LowensSport,1,20,LowensSport
Kersken,BMG,2,20,BMG
Ginter,Unique,1,20,Unique
Ginter,BMG,2,20,BMG
Elvedi,IFM,1,20,IFM
Elvedi,BMG,2,20,BMG
Friedrich,ROOF,1,20,ROOF
Friedrich,BMG,2,20,BMG
Beyer,SchneiderR,1,20,SchneiderR
Beyer,BMG,2,20,BMG
Jantschke,Froehlich,1,20,Froehlich
Jantschke,BMG,2,20,BMG
Gaal,NOACK,1,20,NOACK
Gaal,BMG,2,20,BMG
Doucoure,SAM,1,20,SAM
Doucoure,BMG,2,20,BMG
Bensebaini,HCM,1,20,HCM
Bensebaini,BMG,2,20,BMG
Netz,11WINS,1,20,11WINS
Netz,BMG,2,20,BMG
Scally,Wasserman,1,20,Wasserman
Scally,BMG,2,20,BMG
Lainer,ROOF,1,20,ROOF
Lainer,BMG,2,20,BMG
Zakaria,HCM,1,20,HCM
Zakaria,BMG,2,20,BMG
Kramer,ROOF,1,20,ROOF
Kramer,BMG,2,20,BMG
Neuhaus,CN,1,20,CN
Neuhaus,BMG,2,20,BMG
Kone,Classico,1,20,Classico
Kone,BMG,2,20,BMG
Benes,ROOF,1,20,ROOF
Benes,BMG,2,20,BMG
Bennetts,DC,1,20,DC
Bennetts,BMG,2,20,BMG
WolfH,HCM,1,20,HCM
WolfH,BMG,2,20,BMG
Stindl,Hebel,1,20,Hebel
Stindl,BMG,2,20,BMG
Noss,LEADERBROCK,1,20,LEADERBROCK
Noss,BMG,2,20,BMG
Muesel,act,1,20,act
Muesel,BMG,2,20,BMG
Plea,SCS,1,20,SCS
Plea,BMG,2,20,BMG
Schroers,VIDA,1,20,VIDA
Schroers,BMG,2,20,BMG
Hofmann,Gutfleisch,1,20,Gutfleisch
Hofmann,BMG,2,20,BMG
Herrmann,PROProfil,1,20,PROProfil
Herrmann,BMG,2,20,BMG
Thuram,SC,1,20,SC
Thuram,BMG,2,20,BMG
Embolo,ESHA,1,20,ESHA
Embolo,BMG,2,20,BMG
Trapp,Sports360,1,21,Sports360
Trapp,EFF,2,21,EFF
Ramaj,BMS,1,21,BMS
Ramaj,EFF,2,21,EFF
Horz,SEG,1,21,SEG
Horz,EFF,2,21,EFF
Grahl,PESM,1,21,PESM
Grahl,EFF,2,21,EFF
Bignetti,FF,1,21,FF
Bignetti,EFF,2,21,EFF
Ndicka,AMS,1,21,AMS
Ndicka,EFF,2,21,EFF
Tuta,Wolfs,1,21,Wolfs
Tuta,EFF,2,21,EFF
Hinteregger,WIM,1,21,WIM
Hinteregger,EFF,2,21,EFF
Toure,none,1,21,none
Toure,EFF,2,21,EFF
Hasebe,PROProfil,1,21,PROProfil
Hasebe,EFF,2,21,EFF
Lenz,ROOF,1,21,ROOF
Lenz,EFF,2,21,EFF
Schroeder,ROGON,1,21,ROGON
Schroeder,EFF,2,21,EFF
da Costa,Sports360,1,21,Sports360
da Costa,EFF,2,21,EFF
Durm,Haspel,1,21,Haspel
Durm,EFF,2,21,EFF
Chandler,eXcellence,1,21,eXcellence
Chandler,EFF,2,21,EFF
Jakic,Niagara,1,21,Niagara
Jakic,EFF,2,21,EFF
Ilsanker,MTS,1,21,MTS
Ilsanker,EFF,2,21,EFF
Sow,SISCM,1,21,SISCM
Sow,EFF,2,21,EFF
Rode,PROProfil,1,21,PROProfil
Rode,EFF,2,21,EFF
Barkok,eXcellence,1,21,eXcellence
Barkok,EFF,2,21,EFF
Foti,YOUFIRST,1,21,YOUFIRST
Foti,EFF,2,21,EFF
Kostic,WSA,1,21,WSA
Kostic,EFF,2,21,EFF
Kamada,RobertoT,1,21,RobertoT
Kamada,EFF,2,21,EFF
Lindstroem,NSG,1,21,NSG
Lindstroem,EFF,2,21,EFF
Hrustic,LIAN,1,21,LIAN
Hrustic,EFF,2,21,EFF
Zuber,SoccerM,1,21,SoccerM
Zuber,EFF,2,21,EFF
Younes,FUTURE11,1,21,FUTURE11
Younes,EFF,2,21,EFF
SchaeferG,ICMStellar,1,21,ICMStellar
SchaeferG,EFF,2,21,EFF
Hauge,Atta,1,21,Atta
Hauge,EFF,2,21,EFF
Borre,none,1,21,none
Borre,EFF,2,21,EFF
Paciencia,Proeleven,1,21,Proeleven
Paciencia,EFF,2,21,EFF
Lammers,ISM,1,21,ISM
Lammers,EFF,2,21,EFF
Ache,Sports360,1,21,Sports360
Ache,EFF,2,21,EFF
Herrero,none,1,21,none
Herrero,EFF,2,21,EFF
Casteels,none,1,22,none
Casteels,WOB,2,22,WOB
Pervan,ROOF,1,22,ROOF
Pervan,WOB,2,22,WOB
Schulze,PROProfil,1,22,PROProfil
Schulze,WOB,2,22,WOB
Klinger,TPWE,1,22,TPWE
Klinger,WOB,2,22,WOB
Lacroix,Hexagon,1,22,Hexagon
Lacroix,WOB,2,22,WOB
Bornauw,vanBuyten,1,22,vanBuyten
Bornauw,WOB,2,22,WOB
Brooks,ROGON,1,22,ROGON
Brooks,WOB,2,22,WOB
van de Ven,Pimenta,1,22,Pimenta
van de Ven,WOB,2,22,WOB
MacNulty,LEADERBROCK,1,22,LEADERBROCK
MacNulty,WOB,2,22,WOB
Lang,TrueSports,1,22,TrueSports
Lang,WOB,2,22,WOB
Otavio,TFM,1,22,TFM
Otavio,WOB,2,22,WOB
Roussillon,OnlyPro,1,22,OnlyPro
Roussillon,WOB,2,22,WOB
Baku,none,1,22,none
Baku,WOB,2,22,WOB
Mbabu,Excensy,1,22,Excensy
Mbabu,WOB,2,22,WOB
William,none,1,22,none
William,WOB,2,22,WOB
Guilavogui,none,1,22,none
Guilavogui,WOB,2,22,WOB
Schlager,ROOF,1,22,ROOF
Schlager,WOB,2,22,WOB
Arnold,Herzog,1,22,Herzog
Arnold,WOB,2,22,WOB
Vranckx,DWSports,1,22,DWSports
Vranckx,WOB,2,22,WOB
Gerhardt,Engels,1,22,Engels
Gerhardt,WOB,2,22,WOB
Walther,none,1,22,none
Walther,WOB,2,22,WOB
Paredes,none,1,22,none
Paredes,WOB,2,22,WOB
NmechaF,ROGON,1,22,ROGON
NmechaF,WOB,2,22,WOB
Brekalo,Niagara,1,22,Niagara
Brekalo,WOB,2,22,WOB
Marmoush,ICMStellar,1,22,ICMStellar
Marmoush,WOB,2,22,WOB
Steffen,Koegl,1,22,Koegl
Steffen,WOB,2,22,WOB
Waldschmidt,Sports360,1,22,Sports360
Waldschmidt,WOB,2,22,WOB
PhilippM,Unique,1,22,Unique
PhilippM,WOB,2,22,WOB
Kruse,EMG,1,22,EMG
Kruse,WOB,2,22,WOB
Mehmedi,IFM,1,22,IFM
Mehmedi,WOB,2,22,WOB
NmechaL,ROGON,1,22,ROGON
NmechaL,WOB,2,22,WOB
Weghorst,OneII,1,22,OneII
Weghorst,WOB,2,22,WOB
Wind,PIS,1,22,PIS
Wind,WOB,2,22,WOB
Bialek,BMGS,1,22,BMGS
Bialek,WOB,2,22,WOB
Ginczek,Unique,1,22,Unique
Ginczek,WOB,2,22,WOB
Riemann,ROOF,1,23,ROOF
Riemann,BOC,2,23,BOC
Esser,SchneiderR,1,23,SchneiderR
Esser,BOC,2,23,BOC
Ernst,BMS,1,23,BMS
Ernst,BOC,2,23,BOC
Grave,FG,1,23,FG
Grave,BOC,2,23,BOC
Bella-Kotchap,none,1,23,none
Bella-Kotchap,BOC,2,23,BOC
Leitsch,Sports360,1,23,Sports360
Leitsch,BOC,2,23,BOC
Masovic,none,1,23,none
Masovic,BOC,2,23,BOC
Lampropoulos,WoS,1,23,WoS
Lampropoulos,BOC,2,23,BOC
Decarli,none,1,23,none
Decarli,BOC,2,23,BOC
Soares,TDL,1,23,TDL
Soares,BOC,2,23,BOC
Stafylidis,ROGON,1,23,ROGON
Stafylidis,BOC,2,23,BOC
Roemling,FG,1,23,FG
Roemling,BOC,2,23,BOC
Bockhorn,ROOF,1,23,ROOF
Bockhorn,BOC,2,23,BOC
Gamboa,Wasserman,1,23,Wasserman
Gamboa,BOC,2,23,BOC
Losilla,Soccertalk,1,23,Soccertalk
Losilla,BOC,2,23,BOC
Rexhbecaj,Soccertalk,1,23,Soccertalk
Rexhbecaj,BOC,2,23,BOC
Loewen,Soccer,1,23,Soccer
Loewen,BOC,2,23,BOC
Osterhage,HSP,1,23,HSP
Osterhage,BOC,2,23,BOC
Tesche,none,1,23,none
Tesche,BOC,2,23,BOC
Chibsah,Keyscout,1,23,Keyscout
Chibsah,BOC,2,23,BOC
Pantovic,ROOF,1,23,ROOF
Pantovic,BOC,2,23,BOC
Weilandt,EMG,1,23,EMG
Weilandt,BOC,2,23,BOC
Holtmann,Tenet,1,23,Tenet
Holtmann,BOC,2,23,BOC
Antwi-Adjei,KSM,1,23,KSM
Antwi-Adjei,BOC,2,23,BOC
Blum,MK,1,23,MK
Blum,BOC,2,23,BOC
Asano,JEB,1,23,JEB
Asano,BOC,2,23,BOC
Bonga,CAA,1,23,CAA
Bonga,BOC,2,23,BOC
Polter,PROProfil,1,23,PROProfil
Polter,BOC,2,23,BOC
Locadia,SEG,1,23,SEG
Locadia,BOC,2,23,BOC
Zoller,GoalSky,1,23,GoalSky
Zoller,BOC,2,23,BOC
Ganvoula,BY,1,23,BY
Ganvoula,BOC,2,23,BOC
Novothny,StarsFriends,1,23,StarsFriends
Novothny,BOC,2,23,BOC
Hartwig,CN,1,23,CN
Hartwig,BOC,2,23,BOC
Gikiewicz,Footballgoal,1,24,Footballgoal
Gikiewicz,FCA,2,24,FCA
Koubek,SPORTINVEST,1,24,SPORTINVEST
Koubek,FCA,2,24,FCA
Klein,SBS,1,24,SBS
Klein,FCA,2,24,FCA
Oxford,CAA,1,24,CAA
Oxford,FCA,2,24,FCA
Uduokhai,CN,1,24,CN
Uduokhai,FCA,2,24,FCA
Gouweleeuw,SEG,1,24,SEG
Gouweleeuw,FCA,2,24,FCA
Winther,NS,1,24,NS
Winther,FCA,2,24,FCA
Iago,none,1,24,none
Iago,FCA,2,24,FCA
Pedersen,NS,1,24,NS
Pedersen,FCA,2,24,FCA
Guenther,11WINS,1,24,11WINS
Guenther,FCA,2,24,FCA
Gumny,Fabryka,1,24,Fabryka
Gumny,FCA,2,24,FCA
Framberger,Koegl,1,24,Koegl
Framberger,FCA,2,24,FCA
Dorsch,CN,1,24,CN
Dorsch,FCA,2,24,FCA
Gruezo,SETH,1,24,SETH
Gruezo,FCA,2,24,FCA
Strobl,CN,1,24,CN
Strobl,FCA,2,24,FCA
Salifou,Herzog,1,24,Herzog
Salifou,FCA,2,24,FCA
Maier,11WINS,1,24,11WINS
Maier,FCA,2,24,FCA
Moravek,MSG,1,24,MSG
Moravek,FCA,2,24,FCA
Civeja,fairsport,1,24,fairsport
Civeja,FCA,2,24,FCA
SchmidtD,none,1,24,none
SchmidtD,FCA,2,24,FCA
Jensen,V4S,1,24,V4S
Jensen,FCA,2,24,FCA
Vargas,IFM,1,24,IFM
Vargas,FCA,2,24,FCA
Hahn,Sports360,1,24,Sports360
Hahn,FCA,2,24,FCA
Sarenren Bazee,Rummenigge,1,24,Rummenigge
Sarenren Bazee,FCA,2,24,FCA
Caligiuri,ROOF,1,24,ROOF
Caligiuri,FCA,2,24,FCA
Pepi,SXI,1,24,SXI
Pepi,FCA,2,24,FCA
Gregoritsch,ROGON,1,24,ROGON
Gregoritsch,FCA,2,24,FCA
Zeqiri,GKSA,1,24,GKSA
Zeqiri,FCA,2,24,FCA
Niederlechner,Haspel,1,24,Haspel
Niederlechner,FCA,2,24,FCA
Cordova,JV,1,24,JV
Cordova,FCA,2,24,FCA
Finnbogason,none,1,24,none
Finnbogason,FCA,2,24,FCA
Malone,ROOF,1,24,ROOF
Malone,FCA,2,24,FCA
MuellerF,PROProfil,1,25,PROProfil
MuellerF,VFB,2,25,VFB
Bredlow,SEG,1,25,SEG
Bredlow,VFB,2,25,VFB
Schock,none,1,25,none
Schock,VFB,2,25,VFB
Mavropanos,KF,1,25,KF
Mavropanos,VFB,2,25,VFB
Anton,AKA,1,25,AKA
Anton,VFB,2,25,VFB
Ito,UNS,1,25,UNS
Ito,VFB,2,25,VFB
Maglica,AKA,1,25,AKA
Maglica,VFB,2,25,VFB
Bazzoli,Soccertalk,1,25,Soccertalk
Bazzoli,VFB,2,25,VFB
Sosa,ICMStellar,1,25,ICMStellar
Sosa,VFB,2,25,VFB
Stenzel,Unique,1,25,Unique
Stenzel,VFB,2,25,VFB
EndoW,UNS,1,25,UNS
EndoW,VFB,2,25,VFB
Karazor,EMG,1,25,EMG
Karazor,VFB,2,25,VFB
Ahamada,YAATS,1,25,YAATS
Ahamada,VFB,2,25,VFB
Mola,Elite,1,25,Elite
Mola,VFB,2,25,VFB
Weil,EWS,1,25,EWS
Weil,VFB,2,25,VFB
Mangala,MS,1,25,MS
Mangala,VFB,2,25,VFB
Millot,none,1,25,none
Millot,VFB,2,25,VFB
Nartey,Boutique,1,25,Boutique
Nartey,VFB,2,25,VFB
Silas,MS,1,25,MS
Silas,VFB,2,25,VFB
Thommy,Sports360,1,25,Sports360
Thommy,VFB,2,25,VFB
Foerster,ROOF,1,25,ROOF
Foerster,VFB,2,25,VFB
Klimowicz,none,1,25,none
Klimowicz,VFB,2,25,VFB
Tibidi,PSM,1,25,PSM
Tibidi,VFB,2,25,VFB
Klement,TF,1,25,TF
Klement,VFB,2,25,VFB
Beyaz,MS,1,25,MS
Beyaz,VFB,2,25,VFB
Egloff,VIDA,1,25,VIDA
Egloff,VFB,2,25,VFB
Didavi,KAF,1,25,KAF
Didavi,VFB,2,25,VFB
MichelF,YOUFIRST,1,25,YOUFIRST
MichelF,VFB,2,25,VFB
CoulibalyT,none,1,25,none
CoulibalyT,VFB,2,25,VFB
Massimo,ROGON,1,25,ROGON
Massimo,VFB,2,25,VFB
Churlinov,MS,1,25,MS
Churlinov,VFB,2,25,VFB
Fuehrich,KL,1,25,KL
Fuehrich,VFB,2,25,VFB
Kalajdzic,SPOCS,1,25,SPOCS
Kalajdzic,VFB,2,25,VFB
Tomas,Proeleven,1,25,Proeleven
Tomas,VFB,2,25,VFB
Faghir,Boutique,1,25,Boutique
Faghir,VFB,2,25,VFB
Sankoh,TKG,1,25,TKG
Sankoh,VFB,2,25,VFB
Al Ghaddioui,Sports360,1,25,Sports360
Al Ghaddioui,VFB,2,25,VFB
Schwolow,feelsoccer,1,26,feelsoccer
Schwolow,BSC,2,26,BSC
Christensen,Boutique,1,26,Boutique
Christensen,BSC,2,26,BSC
Lotka,SEG,1,26,SEG
Lotka,BSC,2,26,BSC
Koerber,EMG,1,26,EMG
Koerber,BSC,2,26,BSC
Jarstein,GPM,1,26,GPM
Jarstein,BSC,2,26,BSC
Stark,Sports360,1,26,Sports360
Stark,BSC,2,26,BSC
Torunarigha,11WINS,1,26,11WINS
Torunarigha,BSC,2,26,BSC
Dardai,PROProfil,1,26,PROProfil
Dardai,BSC,2,26,BSC
Kempf,Sports360,1,26,Sports360
Kempf,BSC,2,26,BSC
Gechter,Sports360,1,26,Sports360
Gechter,BSC,2,26,BSC
Boyata,Stirr,1,26,Stirr
Boyata,BSC,2,26,BSC
Atemona,Trois,1,26,Trois
Atemona,BSC,2,26,BSC
Roecker,Universal,1,26,Universal
Roecker,BSC,2,26,BSC
Morgenstern,none,1,26,none
Morgenstern,BSC,2,26,BSC
Mittelstaedt,Sports360,1,26,Sports360
Mittelstaedt,BSC,2,26,BSC
Bjoerkan,Atta,1,26,Atta
Bjoerkan,BSC,2,26,BSC
Plattenhardt,Briem,1,26,Briem
Plattenhardt,BSC,2,26,BSC
Zeefuik,SEG,1,26,SEG
Zeefuik,BSC,2,26,BSC
Kluenter,Hebel,1,26,Hebel
Kluenter,BSC,2,26,BSC
Pekarik,ROGON,1,26,ROGON
Pekarik,BSC,2,26,BSC
Eitschberger,B360,1,26,B360
Eitschberger,BSC,2,26,BSC
Tousart,Hexagon,1,26,Hexagon
Tousart,BSC,2,26,BSC
Ascacibar,Facundo,1,26,Facundo
Ascacibar,BSC,2,26,BSC
Dirkner,ATHLEADZ,1,26,ATHLEADZ
Dirkner,BSC,2,26,BSC
Serdar,Sports360,1,26,Sports360
Serdar,BSC,2,26,BSC
Ekkelenkamp,ICMStellar,1,26,ICMStellar
Ekkelenkamp,BSC,2,26,BSC
Darida,CHS,1,26,CHS
Darida,BSC,2,26,BSC
Michelbrink,TF,1,26,TF
Michelbrink,BSC,2,26,BSC
Albrecht,PROProfil,1,26,PROProfil
Albrecht,BSC,2,26,BSC
Boateng,eXcellence,1,26,eXcellence
Boateng,BSC,2,26,BSC
Jastrzembski,SEG,1,26,SEG
Jastrzembski,BSC,2,26,BSC
Dilrosun,MTG,1,26,MTG
Dilrosun,BSC,2,26,BSC
Maolida,USFA,1,26,USFA
Maolida,BSC,2,26,BSC
Kade,Lucky13,1,26,Lucky13
Kade,BSC,2,26,BSC
Lukebakio,none,1,26,none
Lukebakio,BSC,2,26,BSC
Richter,Sports360,1,26,Sports360
Richter,BSC,2,26,BSC
Nsona,ROGON,1,26,ROGON
Nsona,BSC,2,26,BSC
LeeD,Apertura,1,26,Apertura
LeeD,BSC,2,26,BSC
Winkler,ROGON,1,26,ROGON
Winkler,BSC,2,26,BSC
Cunha,Bertolucci,1,26,Bertolucci
Cunha,BSC,2,26,BSC
Piatek,Fabryka,1,26,Fabryka
Piatek,BSC,2,26,BSC
Jovetic,LIAN,1,26,LIAN
Jovetic,BSC,2,26,BSC
Belfodil,none,1,26,none
Belfodil,BSC,2,26,BSC
Selke,eXcellence,1,26,eXcellence
Selke,BSC,2,26,BSC
Wollschlaeger,ATHLEADZ,1,26,ATHLEADZ
Wollschlaeger,BSC,2,26,BSC
Ortega,Neblung,1,27,Neblung
Ortega,ABF,2,27,ABF
Kapino,feelsoccer,1,27,feelsoccer
Kapino,ABF,2,27,ABF
Linner,none,1,27,none
Linner,ABF,2,27,ABF
SchulzA,ROGON,1,27,ROGON
SchulzA,ABF,2,27,ABF
Pieper,Sports360,1,27,Sports360
Pieper,ABF,2,27,ABF
Nilsson,ROOF,1,27,ROOF
Nilsson,ABF,2,27,ABF
Ramos,Proeleven,1,27,Proeleven
Ramos,ABF,2,27,ABF
Andrade,RELC,1,27,RELC
Andrade,ABF,2,27,ABF
Hoorn,V4S,1,27,V4S
Hoorn,ABF,2,27,ABF
Medina,none,1,27,none
Medina,ABF,2,27,ABF
BauerK,none,1,27,none
BauerK,ABF,2,27,ABF
Bello,Wasserman,1,27,Wasserman
Bello,ABF,2,27,ABF
Czyborra,Teamgeist,1,27,Teamgeist
Czyborra,ABF,2,27,ABF
Laursen,MB,1,27,MB
Laursen,ABF,2,27,ABF
Brunner,ROOF,1,27,ROOF
Brunner,ABF,2,27,ABF
Prietl,YOUFIRST,1,27,YOUFIRST
Prietl,ABF,2,27,ABF
Kunze,Spanier,1,27,Spanier
Kunze,ABF,2,27,ABF
Frommann,ROGON,1,27,ROGON
Frommann,ABF,2,27,ABF
Schoepf,EMG,1,27,EMG
Schoepf,ABF,2,27,ABF
Hartel,Hebel,1,27,Hebel
Hartel,ABF,2,27,ABF
Vasiliadis,GW,1,27,GW
Vasiliadis,ABF,2,27,ABF
Ince,COMET,1,27,COMET
Ince,ABF,2,27,ABF
Castro,Sports360,1,27,Sports360
Castro,ABF,2,27,ABF
Okugawa,Yu,1,27,Yu
Okugawa,ABF,2,27,ABF
Cherny,ROGON,1,27,ROGON
Cherny,ABF,2,27,ABF
Dogan,FG,1,27,FG
Dogan,ABF,2,27,ABF
HackR,CN,1,27,CN
HackR,ABF,2,27,ABF
Wimmer,MTS,1,27,MTS
Wimmer,ABF,2,27,ABF
Lasme,Hexagon,1,27,Hexagon
Lasme,ABF,2,27,ABF
Gebauer,FSC,1,27,FSC
Gebauer,ABF,2,27,ABF
Krueger,ROGON,1,27,ROGON
Krueger,ABF,2,27,ABF
Serra,Headtrick,1,27,Headtrick
Serra,ABF,2,27,ABF
Klos,KL,1,27,KL
Klos,ABF,2,27,ABF
Linde,Solbakken,1,28,Solbakken
Linde,SGF,2,28,SGF
Burchert,SEG,1,28,SEG
Burchert,SGF,2,28,SGF
Funk,fairsport,1,28,fairsport
Funk,SGF,2,28,SGF
Schaffran,Neblung,1,28,Neblung
Schaffran,SGF,2,28,SGF
SchulzL,none,1,28,none
SchulzL,SGF,2,28,SGF
BauerM,SchneiderR,1,28,SchneiderR
BauerM,SGF,2,28,SGF
Hoogma,V4S,1,28,V4S
Hoogma,SGF,2,28,SGF
Viergever,SV,1,28,SV
Viergever,SGF,2,28,SGF
Griesbeck,Haspel,1,28,Haspel
Griesbeck,SGF,2,28,SGF
Jung,Wasserman,1,28,Wasserman
Jung,SGF,2,28,SGF
Barry,BernardC,1,28,BernardC
Barry,SGF,2,28,SGF
Fobassam,none,1,28,none
Fobassam,SGF,2,28,SGF
Itter,Sports360,1,28,Sports360
Itter,SGF,2,28,SGF
Willems,Wasserman,1,28,Wasserman
Willems,SGF,2,28,SGF
Meyerhoefer,eXcellence,1,28,eXcellence
Meyerhoefer,SGF,2,28,SGF
Asta,ROOF,1,28,ROOF
Asta,SGF,2,28,SGF
Christiansen,Soccertalk,1,28,Soccertalk
Christiansen,SGF,2,28,SGF
Fein,Sports360,1,28,Sports360
Fein,SGF,2,28,SGF
Sarpei,MS,1,28,MS
Sarpei,SGF,2,28,SGF
Seguin,TF,1,28,TF
Seguin,SGF,2,28,SGF
TillmanT,ROOF,1,28,ROOF
TillmanT,SGF,2,28,SGF
Raschl,KL,1,28,KL
Raschl,SGF,2,28,SGF
Green,acta7,1,28,acta7
Green,SGF,2,28,SGF
Seufert,ROGON,1,28,ROGON
Seufert,SGF,2,28,SGF
Dudziak,100and10,1,28,100and10
Dudziak,SGF,2,28,SGF
Torlak,1K,1,28,1K
Torlak,SGF,2,28,SGF
Leweling,eXcellence,1,28,eXcellence
Leweling,SGF,2,28,SGF
Hrgota,GOOLD,1,28,GOOLD
Hrgota,SGF,2,28,SGF
Ngankam,11WINS,1,28,11WINS
Ngankam,SGF,2,28,SGF
Itten,IFM,1,28,IFM
Itten,SGF,2,28,SGF
Pululu,LITCHI,1,28,LITCHI
Pululu,SGF,2,28,SGF
Nielsen,Unique,1,28,Unique
Nielsen,SGF,2,28,SGF
Abiama,JFSM,1,28,JFSM
Abiama,SGF,2,28,SGF
Kehr,Wasserman,1,28,Wasserman
Kehr,SGF,2,28,SGF